USE_SUNSLIK_GREEN,WANT_LONG_STRONG,MOTIV_1,MOTIV_2,MOTIV_3,MOTIV_4,MOTIV_5,OCCAS_1,OCCAS_2,OCCAS_3,DEMOTIV_1,DEMOTIV_2,DEMOTIV_3,DEMOTIV_4,DEMOTIV_5,DEMOTIV_6,DEMOTIV_7,DEMOTIV_8,DEMOTIV_9,CONTENT,PERSONALITY,PLATFORM,PREFER_1,PREFER_2,PREFER_3,PREFER_4,SATIS_1.1,SATIS_1.2,SATIS_1.3,SATIS_2.1,SATIS_2.2,SATIS_2.3,SATIS_3.1,SATIS_3.2,SATIS_3.3,SATIS_4.1,SATIS_4.2,SATIS_4.3,SATIS_5.1,SATIS_5.2,SATIS_5.3,SATIS_6.1,SATIS_6.2,SATIS_6.3,GENDER,AGE,STATUS,EDUCATION,INCOME,Motivation,Occasion,Demotivation,Preference,Satisfaction
No,Yes,5,3,5,5,5,5,5,5,,,,,,,,,,Beauty,Funny,TikTok,5,3,3,4,3,2,3,4,3,3,4,4,4,3,3,3,3,3,3,3,3,3,Female,Gen Z  (18- 27),Taken,Undergraduate Degree,"50,000-100,000 THB per month",4.6,5,,3.75,3.166666667
No,Yes,5,2,5,5,5,5,2,2,,,,,,,,,,Beauty,Creative,TikTok,3,5,2,5,1,3,3,3,1,4,1,2,5,2,2,5,2,3,5,4,4,3,Female,Gen Z  (18- 27),Taken,Undergraduate Degree,"10,000-20,000 THB per month",4.4,3,,3.75,2.944444444
No,No,,,,,,,,,5,3,5,4,3,3,3,4,4,Lifestyle,Reliable,YouTube,4,3,4,3,1,2,2,2,3,3,2,2,3,2,3,2,3,2,3,3,3,4,Male,Gen Z  (18- 27),Single,Undergraduate Degree,"20,000-50,000 THB per month",,,3.777777778,3.5,2.5
Yes,Yes,5,4,5,4,5,5,3,5,,,,,,,,,,Beauty,Reliable,YouTube,4,5,3,4,5,5,4,4,4,4,4,4,4,3,3,3,3,3,3,3,3,3,Female,Gen Z  (18- 27),Single,Undergraduate Degree,"10,000-20,000 THB per month",4.6,4.333333333,,4,3.611111111
No,Yes,4,5,3,1,4,5,4,5,,,,,,,,,,Adventurous,Funny,Instagram,2,2,1,1,3,3,4,2,4,4,3,4,4,4,3,4,5,4,4,5,5,4,Male,Under 18,Taken,High School,"<10,000 THB per month",3.4,4.666666667,,1.5,3.833333333
Yes,Yes,5,3,4,5,5,5,4,5,,,,,,,,,,Comedy,Talkative,TikTok,5,3,2,3,5,5,5,5,5,5,5,5,5,5,5,5,5,5,5,5,5,5,Female,Gen Z  (18- 27),Single,High School,"<10,000 THB per month",4.4,4.666666667,,3.25,5
Yes,Yes,5,5,5,5,5,5,5,5,,,,,,,,,,Lifestyle,Confident,TikTok,5,3,1,3,3,4,4,4,4,4,4,4,4,4,4,4,4,4,4,4,4,4,Female,Gen Z  (18- 27),Single,Undergraduate Degree,"10,000-20,000 THB per month",5,5,,3,3.944444444
No,Yes,4,2,1,1,4,1,1,1,,,,,,,,,,Adventurous,Funny,YouTube,4,5,4,5,3,4,5,5,4,5,4,5,4,3,2,4,4,3,4,2,3,3,Male,Gen Z  (18- 27),Single,Undergraduate Degree,"<10,000 THB per month",2.4,1,,4.5,3.722222222
No,Yes,5,4,3,1,5,4,4,5,,,,,,,,,,Fashion,Confident,YouTube,4,5,4,4,4,4,4,4,4,4,4,4,5,3,3,3,4,4,4,3,3,3,Male,Gen Z  (18- 27),Single,Undergraduate Degree,"20,000-50,000 THB per month",3.6,4.333333333,,4.25,3.722222222
No,Yes,5,4,5,3,5,5,5,5,,,,,,,,,,Adventurous,Funny,YouTube,4,5,2,5,3,4,5,5,4,4,4,4,4,4,4,4,4,4,4,4,4,4,Male,Gen Z  (18- 27),Single,Undergraduate Degree,"<10,000 THB per month",4.4,5,,4,4.055555556
No,No,,,,,,,,,5,4,5,1,1,1,4,1,3,Comedy,Funny,Instagram,5,4,1,5,3,5,1,4,2,2,4,2,3,2,3,5,1,5,2,4,5,1,Male,Gen Z  (18- 27),Single,Undergraduate Degree,"<10,000 THB per month",,,2.777777778,3.75,3
Yes,Yes,4,4,4,4,4,4,4,4,,,,,,,,,,Comedy,Funny,TikTok,3,4,4,4,4,3,5,3,4,5,3,3,4,4,4,2,4,4,3,3,2,3,Male,Gen Z  (18- 27),Single,Undergraduate Degree,"<10,000 THB per month",4,4,,3.75,3.5
No,Yes,4,4,3,3,5,4,2,4,,,,,,,,,,Lifestyle,Funny,TikTok,5,5,2,2,3,2,3,3,3,3,3,3,3,4,3,3,3,3,3,3,2,3,Female,Gen Z  (18- 27),Single,Undergraduate Degree,"10,000-20,000 THB per month",3.8,3.333333333,,3.5,2.944444444
Yes,Yes,4,3,3,2,4,3,3,3,,,,,,,,,,Comedy,Funny,TikTok,4,3,2,2,3,3,3,3,3,4,3,3,3,3,3,3,3,3,3,3,3,3,Male,Gen Z  (18- 27),Taken,Undergraduate Degree,"10,000-20,000 THB per month",3.2,3,,2.75,3.055555556
Yes,Yes,4,4,1,2,4,5,4,3,,,,,,,,,,Lifestyle,Confident,YouTube,4,3,1,2,4,4,3,4,4,4,4,4,4,4,4,4,4,4,4,4,4,4,Female,Gen Z  (18- 27),Single,Undergraduate Degree,"20,000-50,000 THB per month",3,4,,2.5,3.944444444
Yes,Yes,5,2,2,2,5,3,2,2,,,,,,,,,,Comedy,Funny,YouTube,5,5,1,3,5,5,4,4,4,4,4,4,4,4,4,4,4,4,4,4,4,4,Female,Gen Z  (18- 27),Single,Undergraduate Degree,"<10,000 THB per month",3.2,2.333333333,,3.5,4.111111111
No,No,,,,,,,,,4,3,3,2,3,4,3,3,2,Lifestyle,Funny,TikTok,4,5,2,4,3,3,4,5,4,5,4,5,5,3,4,4,3,4,5,4,4,4,Male,Gen Z  (18- 27),Single,Undergraduate Degree,"10,000-20,000 THB per month",,,3,3.75,4.055555556
No,Yes,5,3,5,5,5,5,3,2,,,,,,,,,,Fashion,Confident,Instagram,4,2,1,4,2,2,2,2,2,2,4,3,3,1,1,1,1,1,1,3,3,3,Female,Gen Z  (18- 27),Taken,Undergraduate Degree,"20,000-50,000 THB per month",4.6,3.333333333,,2.75,2.055555556
No,Yes,5,3,2,2,5,5,2,4,,,,,,,,,,Lifestyle,Creative,TikTok,3,4,2,5,4,5,4,5,4,5,3,3,4,3,4,4,3,4,4,3,4,4,Female,Gen Z  (18- 27),Single,Undergraduate Degree,"10,000-20,000 THB per month",3.4,3.666666667,,3.5,3.888888889
No,Yes,5,5,4,1,5,5,5,5,,,,,,,,,,Lifestyle,Confident,TikTok,4,3,3,3,3,4,4,3,4,4,3,4,4,3,4,4,4,4,4,4,3,4,Male,Gen Z  (18- 27),Single,Undergraduate Degree,"10,000-20,000 THB per month",4,5,,3.25,3.722222222
No,Yes,3,3,3,3,3,3,3,3,,,,,,,,,,Lifestyle,Confident,YouTube,5,5,1,3,3,3,3,3,3,3,5,5,5,2,3,2,3,3,3,3,3,3,Female,Gen Z  (18- 27),Single,High School,"50,000-100,000 THB per month",3,3,,3.5,3.222222222
Yes,Yes,5,4,4,4,4,5,4,3,,,,,,,,,,Lifestyle,Confident,YouTube,4,4,3,3,4,4,5,4,4,5,3,3,4,4,5,3,3,3,3,3,3,3,Female,Under 18,Single,High School,"<10,000 THB per month",4.2,4,,3.5,3.666666667
Yes,Yes,5,4,5,5,5,5,5,2,,,,,,,,,,Beauty,Reliable,TikTok,5,5,1,4,2,3,2,1,4,4,2,2,3,1,1,1,2,2,2,3,4,3,Female,Gen Z  (18- 27),Single,Undergraduate Degree,"10,000-20,000 THB per month",4.8,4,,3.75,2.333333333
Yes,Yes,4,2,1,1,5,3,1,2,,,,,,,,,,Lifestyle,Creative,Instagram,4,4,2,3,4,4,4,4,3,3,3,3,3,2,2,2,2,2,2,3,2,2,Female,Gen Z  (18- 27),Single,Undergraduate Degree,"<10,000 THB per month",2.6,2,,3.25,2.777777778
Yes,Yes,5,5,5,5,5,5,5,5,,,,,,,,,,Beauty,Confident,TikTok,5,5,5,5,5,5,5,4,4,5,5,4,4,4,3,5,4,4,4,4,4,4,Female,Gen Z  (18- 27),Single,Undergraduate Degree,"<10,000 THB per month",5,5,,5,4.277777778
Yes,Yes,3,3,3,3,5,3,3,3,,,,,,,,,,Lifestyle,Funny,TikTok,4,4,4,4,3,3,3,3,2,3,2,2,2,2,2,2,3,3,3,3,3,3,Female,Gen Z  (18- 27),Single,Undergraduate Degree,"<10,000 THB per month",3.4,3,,4,2.611111111
Yes,Yes,5,5,5,5,5,5,5,5,,,,,,,,,,Beauty,Confident,YouTube,5,5,5,5,5,5,5,5,5,5,5,5,5,5,5,5,5,5,5,5,5,5,Male,Gen X (44-59),Married,High School,"20,000-50,000 THB per month",5,5,,5,5
Yes,Yes,3,4,1,3,4,3,2,3,,,,,,,,,,Comedy,Creative,Instagram,5,4,2,4,5,5,5,4,3,5,3,3,4,4,4,4,3,5,5,3,4,4,Female,Gen Z  (18- 27),Taken,Undergraduate Degree,"<10,000 THB per month",3,2.666666667,,3.75,4.055555556
No,Yes,2,3,3,1,3,4,4,4,,,,,,,,,,Lifestyle,Funny,YouTube,5,5,2,4,4,4,4,4,2,4,1,3,3,1,2,1,2,2,4,5,4,5,Male,Gen Z  (18- 27),Single,High School,"10,000-20,000 THB per month",2.4,4,,4,3.055555556
No,Yes,5,4,4,4,5,5,5,5,,,,,,,,,,Lifestyle,Reliable,TikTok,3,5,4,4,4,5,4,5,5,5,5,5,5,5,5,5,5,5,5,5,5,5,Female,Under 18,Single,High School,"<10,000 THB per month",4.4,5,,4,4.888888889
Yes,Yes,4,3,5,4,4,3,4,5,,,,,,,,,,Lifestyle,Confident,TikTok,4,5,4,3,4,5,4,4,5,4,4,3,4,4,4,3,4,4,4,3,4,5,Male,Gen Z  (18- 27),Single,Undergraduate Degree,"<10,000 THB per month",4,4,,4,4
Yes,Yes,5,4,4,3,5,4,5,5,,,,,,,,,,Fashion,Confident,TikTok,5,4,3,4,4,4,4,5,5,5,4,4,5,5,5,5,5,5,5,5,4,5,Male,Gen Z  (18- 27),Single,Undergraduate Degree,"<10,000 THB per month",4.2,4.666666667,,4,4.666666667
Yes,Yes,5,5,5,1,5,5,5,5,,,,,,,,,,Adventurous,Talkative,TikTok,5,5,1,2,4,4,4,5,5,5,5,5,5,5,5,5,5,5,5,5,5,5,Male,Gen Z  (18- 27),Single,Undergraduate Degree,"<10,000 THB per month",4.2,5,,3.25,4.833333333
No,No,,,,,,,,,4,4,4,3,5,2,5,4,4,Comedy,Funny,Facebook,5,3,2,2,3,2,3,3,3,3,3,3,3,3,3,3,3,3,3,3,3,3,Male,Gen X (44-59),Single,Undergraduate Degree,"20,000-50,000 THB per month",,,3.888888889,3,2.944444444
No,Yes,5,3,5,2,5,5,5,5,,,,,,,,,,Lifestyle,Creative,TikTok,4,5,3,3,4,4,4,4,4,4,3,4,4,3,3,3,3,4,4,5,4,4,Others,Gen Z  (18- 27),Taken,Undergraduate Degree,"10,000-20,000 THB per month",4,5,,3.75,3.777777778
Yes,Yes,5,5,3,4,5,5,5,5,,,,,,,,,,Comedy,Creative,TikTok,5,4,3,3,4,4,4,4,4,4,4,4,4,4,4,4,4,4,4,4,4,4,Male,Gen Z  (18- 27),Single,Undergraduate Degree,"<10,000 THB per month",4.4,5,,3.75,4
Yes,Yes,5,5,5,4,5,3,4,5,,,,,,,,,,Comedy,Funny,YouTube,5,5,3,4,5,5,5,5,5,5,5,5,5,4,4,3,5,5,5,5,5,5,Female,Gen Z  (18- 27),Taken,Undergraduate Degree,"<10,000 THB per month",4.8,4,,4.25,4.777777778
Yes,Yes,5,5,5,5,5,5,5,5,,,,,,,,,,Lifestyle,Mature,Instagram,5,5,5,5,5,5,5,5,5,5,5,5,5,5,4,5,5,5,5,5,5,5,Female,Gen Z  (18- 27),Single,High School,"<10,000 THB per month",5,5,,5,4.944444444
Yes,Yes,5,5,1,2,5,4,3,3,,,,,,,,,,Beauty,Confident,TikTok,5,5,1,1,5,5,4,4,5,4,5,5,5,5,4,4,4,4,4,5,5,4,Female,Gen Z  (18- 27),Single,Undergraduate Degree,"<10,000 THB per month",3.6,3.333333333,,3,4.5
No,Yes,5,3,5,1,5,5,5,5,,,,,,,,,,Adventurous,Creative,Twitch,5,5,5,5,5,5,5,5,5,5,5,5,5,5,5,5,5,5,5,5,5,5,Male,Gen X (44-59),Married,Higher Education,">100,000 THB per month",3.8,5,,5,5
Yes,Yes,5,5,5,5,5,5,5,5,,,,,,,,,,Lifestyle,Creative,YouTube,5,5,5,5,5,5,5,5,5,5,5,5,5,5,5,5,5,5,5,5,5,5,Male,Gen X (44-59),Married,Graduate Degree,"20,000-50,000 THB per month",5,5,,5,5
No,Yes,4,3,3,3,4,4,3,3,,,,,,,,,,Comedy,Creative,YouTube,4,3,4,4,3,3,3,2,3,4,3,4,3,3,3,4,3,4,4,4,4,3,Male,Gen Z  (18- 27),Taken,Undergraduate Degree,"10,000-20,000 THB per month",3.4,3.333333333,,3.75,3.333333333
No,Yes,3,3,3,3,3,3,3,5,,,,,,,,,,Comedy,Creative,YouTube,3,3,3,3,5,5,5,4,4,4,4,4,4,5,5,5,3,3,3,4,4,4,Male,Gen X (44-59),Married,Undergraduate Degree,"10,000-20,000 THB per month",3,3.666666667,,3,4.166666667
Yes,Yes,3,2,2,1,4,3,3,3,,,,,,,,,,Lifestyle,Mature,TikTok,4,3,3,3,3,3,3,3,3,3,3,3,3,3,3,3,3,3,3,3,3,3,Male,Gen Z  (18- 27),Taken,Undergraduate Degree,"<10,000 THB per month",2.4,3,,3.25,3
No,Yes,4,4,4,4,4,5,5,4,,,,,,,,,,Lifestyle,Reliable,TikTok,4,4,4,3,3,3,3,3,3,3,4,4,4,3,3,3,3,3,3,3,3,3,Female,Gen X (44-59),Married,Graduate Degree,"50,000-100,000 THB per month",4,4.666666667,,3.75,3.166666667
No,No,,,,,,,,,1,1,1,1,1,1,1,1,1,Comedy,Funny,YouTube,5,1,1,1,1,2,2,2,2,2,1,1,2,2,2,2,3,2,2,2,2,2,Male,Gen Z  (18- 27),Single,Undergraduate Degree,"<10,000 THB per month",,,1,2,1.888888889
No,No,,,,,,,,,3,4,5,5,2,3,5,5,5,Lifestyle,Reliable,Facebook,4,4,4,4,4,4,3,4,4,4,4,4,4,3,3,3,3,3,3,4,4,4,Male,Gen X (44-59),Married,Graduate Degree,"50,000-100,000 THB per month",,,4.111111111,4,3.611111111
No,Yes,3,3,3,3,3,3,3,3,,,,,,,,,,Comedy,Mature,YouTube,3,3,3,3,2,3,2,3,3,3,3,3,3,3,3,3,3,3,3,3,3,3,Male,Gen Z  (18- 27),Taken,High School,"<10,000 THB per month",3,3,,3,2.888888889
Yes,Yes,4,3,2,1,5,2,1,1,,,,,,,,,,Adventurous,Confident,YouTube,4,1,1,2,4,4,4,4,2,4,4,4,4,4,2,4,5,4,4,4,4,4,Male,Millennials (28-43),Married,Higher Education,"20,000-50,000 THB per month",3,1.333333333,,2,3.833333333
No,Yes,5,3,2,1,5,5,5,5,,,,,,,,,,Lifestyle,Talkative,YouTube,5,5,5,5,5,5,5,5,5,5,5,5,5,5,5,5,5,5,5,4,4,4,Male,Gen Z  (18- 27),Taken,Undergraduate Degree,"10,000-20,000 THB per month",3.2,5,,5,4.833333333
Yes,Yes,5,5,5,5,5,5,5,5,,,,,,,,,,Beauty,Confident,TikTok,5,5,5,5,5,5,5,5,5,5,5,5,5,5,5,5,5,5,5,5,5,5,Male,Gen X (44-59),Married,Undergraduate Degree,">100,000 THB per month",5,5,,5,5
Yes,Yes,3,3,2,2,3,2,2,2,,,,,,,,,,Adventurous,Funny,TikTok,3,4,3,4,4,5,4,4,4,4,4,5,5,4,4,4,4,4,5,4,4,4,Others,Gen Z  (18- 27),Single,Undergraduate Degree,"<10,000 THB per month",2.6,2,,3.5,4.222222222
Yes,Yes,4,4,4,3,4,4,3,3,,,,,,,,,,Lifestyle,Creative,TikTok,4,4,2,4,3,3,3,4,4,4,4,4,3,3,4,4,4,3,4,4,4,4,Female,Gen Z  (18- 27),Single,Undergraduate Degree,"<10,000 THB per month",3.8,3.333333333,,3.5,3.666666667
No,No,,,,,,,,,1,1,3,1,1,4,4,5,5,Lifestyle,Funny,Instagram,3,4,1,2,4,5,4,5,4,4,5,5,5,2,3,4,2,3,3,3,3,3,Others,Gen Z  (18- 27),Single,Undergraduate Degree,"<10,000 THB per month",,,2.777777778,2.5,3.722222222
No,Yes,5,3,5,5,5,5,3,5,,,,,,,,,,Lifestyle,Funny,TikTok,5,2,1,3,5,5,5,5,5,5,5,5,5,3,2,4,5,4,5,3,3,5,Female,Gen Z  (18- 27),Single,Graduate Degree,"50,000-100,000 THB per month",4.6,4.333333333,,2.75,4.388888889
Yes,Yes,5,5,3,2,3,3,1,1,,,,,,,,,,Beauty,Creative,Facebook,3,4,2,3,4,4,4,1,2,3,3,3,4,3,3,3,4,4,4,5,5,5,Female,Gen Z  (18- 27),Single,Graduate Degree,">100,000 THB per month",3.6,1.666666667,,3,3.555555556
Yes,Yes,5,5,5,3,5,4,2,4,,,,,,,,,,Lifestyle,Talkative,TikTok,4,5,2,3,3,3,3,3,3,3,3,3,3,3,3,3,3,3,3,3,3,3,Others,Gen Z  (18- 27),Single,Undergraduate Degree,"<10,000 THB per month",4.6,3.333333333,,3.5,3
No,Yes,5,1,3,5,5,5,5,5,,,,,,,,,,Lifestyle,Creative,YouTube,5,3,2,1,1,1,1,5,5,4,5,5,5,5,5,5,5,5,5,5,5,5,Female,Gen X (44-59),Married,Graduate Degree,"<10,000 THB per month",3.8,5,,2.75,4.277777778
No,No,,,,,,,,,5,5,5,3,3,2,2,4,4,Lifestyle,Creative,YouTube,4,4,2,5,4,3,3,4,4,4,5,5,4,4,5,4,3,3,4,5,4,4,Male,Gen Z  (18- 27),Single,Undergraduate Degree,"10,000-20,000 THB per month",,,3.666666667,3.75,4
Yes,Yes,5,5,4,3,5,5,5,5,,,,,,,,,,Lifestyle,Confident,YouTube,5,5,3,4,3,4,4,3,4,4,5,5,5,5,5,5,5,5,5,4,5,5,Female,Gen Z  (18- 27),Taken,Undergraduate Degree,"<10,000 THB per month",4.4,5,,4.25,4.5
Yes,Yes,4,3,4,2,5,4,2,4,,,,,,,,,,Comedy,Creative,TikTok,4,2,3,1,3,3,3,3,3,3,3,3,3,2,3,3,3,3,3,3,3,3,Female,Gen Z  (18- 27),Single,Undergraduate Degree,"10,000-20,000 THB per month",3.6,3.333333333,,2.5,2.944444444
Yes,Yes,5,3,2,3,4,2,2,2,,,,,,,,,,Lifestyle,Funny,Instagram,5,4,4,3,5,5,5,5,5,5,5,5,5,5,5,5,5,5,5,5,5,5,Female,Gen Z  (18- 27),Taken,Undergraduate Degree,"<10,000 THB per month",3.4,2,,4,5
Yes,Yes,5,5,5,5,5,5,5,5,,,,,,,,,,Lifestyle,Talkative,TikTok,5,5,5,5,5,5,5,5,5,5,5,5,5,5,5,5,5,5,5,5,5,5,Female,Gen Z  (18- 27),Single,High School,"<10,000 THB per month",5,5,,5,5
Yes,Yes,4,3,3,3,4,3,3,3,,,,,,,,,,Lifestyle,Creative,TikTok,4,5,3,3,3,5,4,4,5,4,3,5,3,3,4,3,3,4,3,2,3,3,Female,Gen Z  (18- 27),Single,Undergraduate Degree,"<10,000 THB per month",3.4,3,,3.75,3.555555556
No,Yes,5,5,5,5,5,5,5,5,,,,,,,,,,Adventurous,Funny,YouTube,5,5,5,5,4,4,4,4,4,4,3,3,4,4,3,3,4,4,4,4,4,4,Male,Over 60,Taken,High School,"20,000-50,000 THB per month",5,5,,5,3.777777778
Yes,Yes,5,1,1,1,5,5,3,3,,,,,,,,,,Lifestyle,Confident,TikTok,5,3,1,3,3,3,3,3,3,3,3,3,3,3,3,3,3,3,3,3,3,3,Female,Gen Z  (18- 27),Taken,Undergraduate Degree,"10,000-20,000 THB per month",2.6,3.666666667,,3,3
Yes,Yes,5,4,1,3,5,3,5,5,,,,,,,,,,Lifestyle,Funny,YouTube,5,3,1,5,3,4,3,2,4,4,4,4,4,2,3,2,5,5,5,1,1,1,Female,Gen Z  (18- 27),Single,Undergraduate Degree,"10,000-20,000 THB per month",3.6,4.333333333,,3.5,3.166666667
Yes,Yes,4,3,1,1,5,4,3,5,,,,,,,,,,Fashion,Confident,Instagram,5,3,2,3,3,4,4,4,4,4,2,4,4,2,4,4,3,4,4,3,4,4,Male,Under 18,Single,High School,"<10,000 THB per month",2.8,4,,3.25,3.611111111
No,No,,,,,,,,,5,3,2,1,2,3,1,4,4,Adventurous,Mature,YouTube,3,5,1,3,2,2,2,3,1,3,4,4,4,1,2,3,3,4,4,2,4,4,Male,Gen Z  (18- 27),Single,Undergraduate Degree,"20,000-50,000 THB per month",,,2.777777778,3,2.888888889
No,Yes,1,5,1,2,5,3,5,5,,,,,,,,,,Adventurous,Talkative,Instagram,3,3,1,5,3,3,3,5,3,3,3,3,1,2,4,1,1,1,1,1,1,1,Male,Gen Z  (18- 27),Single,High School,"20,000-50,000 THB per month",2.8,4.333333333,,3,2.222222222
Yes,Yes,5,5,5,5,5,5,5,5,,,,,,,,,,Beauty,Funny,TikTok,5,5,3,3,3,3,3,3,3,3,3,3,3,3,3,3,3,3,3,3,3,3,Female,Gen Z  (18- 27),Taken,Undergraduate Degree,"10,000-20,000 THB per month",5,5,,4,3
No,Yes,5,5,3,3,5,3,3,3,,,,,,,,,,Lifestyle,Creative,YouTube,3,3,1,1,5,5,5,5,5,5,5,5,5,5,5,5,5,5,5,5,5,5,Male,Gen Z  (18- 27),Single,Undergraduate Degree,"<10,000 THB per month",4.2,3,,2,5
No,No,,,,,,,,,5,2,5,3,1,3,5,2,1,Comedy,Creative,YouTube,5,4,1,1,5,5,4,3,5,5,2,5,5,1,5,5,1,5,5,1,5,5,Male,Gen Z  (18- 27),Single,Undergraduate Degree,"10,000-20,000 THB per month",,,3,2.75,4
Yes,Yes,5,5,3,3,5,4,1,2,,,,,,,,,,Comedy,Funny,TikTok,3,5,3,5,5,5,5,4,3,4,3,3,3,1,1,3,1,1,3,1,1,2,Female,Gen Z  (18- 27),Taken,Undergraduate Degree,"10,000-20,000 THB per month",4.2,2.333333333,,4,2.722222222
No,Yes,5,5,5,5,5,5,5,5,,,,,,,,,,Beauty,Confident,Instagram,2,5,5,5,3,3,4,5,4,5,3,4,5,3,5,4,3,5,3,2,3,3,Female,Gen Z  (18- 27),Single,Undergraduate Degree,"<10,000 THB per month",5,5,,4.25,3.722222222
No,Yes,5,3,5,2,5,4,4,4,,,,,,,,,,Lifestyle,Funny,YouTube,4,5,3,3,5,4,3,3,5,4,5,5,5,2,2,3,3,3,3,3,3,2,Male,Gen Z  (18- 27),Taken,Undergraduate Degree,"10,000-20,000 THB per month",4,4,,3.75,3.5
No,Yes,3,1,4,2,5,4,3,2,,,,,,,,,,Adventurous,Funny,YouTube,4,5,2,5,4,3,4,2,2,5,1,4,4,3,3,3,2,4,4,4,3,2,Male,Gen Z  (18- 27),Single,High School,"<10,000 THB per month",3,3,,4,3.166666667
No,Yes,3,1,1,1,1,1,1,1,,,,,,,,,,Comedy,Mature,Instagram,3,3,1,4,1,1,1,4,4,4,3,3,3,3,3,3,4,3,3,3,4,4,Male,Gen Z  (18- 27),Taken,Undergraduate Degree,"10,000-20,000 THB per month",1.4,1,,2.75,3
Yes,Yes,5,5,5,3,5,4,4,3,,,,,,,,,,Comedy,Funny,YouTube,5,5,1,3,3,3,4,3,3,5,3,3,5,3,3,5,3,3,3,3,3,5,Female,Gen Z  (18- 27),Single,Undergraduate Degree,"<10,000 THB per month",4.6,3.666666667,,3.5,3.5
No,Yes,5,1,1,1,5,2,1,1,,,,,,,,,,Beauty,Creative,Instagram,3,3,1,2,3,4,4,1,1,1,3,3,3,5,5,5,5,5,5,4,4,5,Female,Millennials (28-43),Married,High School,"20,000-50,000 THB per month",2.6,1.333333333,,2.25,3.666666667
No,Yes,3,4,2,3,3,3,3,3,,,,,,,,,,Beauty,Confident,Facebook,3,3,3,3,3,2,2,3,3,3,3,3,3,3,3,3,3,3,2,2,3,4,Female,Gen Z  (18- 27),Single,Undergraduate Degree,"<10,000 THB per month",3,3,,3,2.833333333
No,Yes,3,4,2,2,5,5,5,5,,,,,,,,,,Adventurous,Confident,YouTube,3,4,2,5,5,5,5,5,5,5,5,5,5,5,5,5,5,5,5,5,5,5,Male,Gen Z  (18- 27),Taken,Undergraduate Degree,">100,000 THB per month",3.2,5,,3.5,5
No,Yes,5,5,5,5,5,5,5,5,,,,,,,,,,Beauty,Creative,TikTok,5,5,1,3,4,4,4,4,5,5,5,5,5,4,4,4,4,4,4,4,4,4,Female,Gen Z  (18- 27),Taken,Higher Education,"20,000-50,000 THB per month",5,5,,3.5,4.277777778
No,Yes,5,1,5,2,5,3,2,4,,,,,,,,,,Lifestyle,Creative,Instagram,2,4,2,2,2,3,3,3,3,4,4,4,5,5,5,5,5,5,5,5,5,5,Female,Gen Z  (18- 27),Single,High School,"10,000-20,000 THB per month",3.6,3,,2.5,4.222222222
Yes,Yes,1,5,1,1,5,3,1,1,,,,,,,,,,Adventurous,Creative,YouTube,5,4,2,5,3,2,3,4,3,3,3,3,3,2,3,4,1,3,4,1,3,3,Male,Gen Z  (18- 27),Taken,Undergraduate Degree,"10,000-20,000 THB per month",2.6,1.666666667,,4,2.833333333
No,Yes,5,5,5,1,5,5,5,5,,,,,,,,,,Comedy,Funny,Instagram,5,1,1,4,4,4,5,5,2,4,4,3,4,2,3,4,3,4,4,4,3,4,Male,Gen Z  (18- 27),Single,Undergraduate Degree,"<10,000 THB per month",4.2,5,,2.75,3.666666667
Yes,Yes,5,3,5,5,5,5,5,5,,,,,,,,,,Comedy,Funny,YouTube,3,2,2,5,3,3,3,3,3,3,3,3,3,4,4,4,4,3,4,3,3,3,Female,Gen Z  (18- 27),Married,Undergraduate Degree,"20,000-50,000 THB per month",4.6,5,,3,3.277777778
No,Yes,5,1,4,5,5,4,5,5,,,,,,,,,,Comedy,Funny,TikTok,5,5,1,4,5,5,5,5,5,5,4,4,4,3,3,3,3,3,3,2,3,3,Female,Gen Z  (18- 27),Single,High School,"10,000-20,000 THB per month",4,4.666666667,,3.75,3.777777778
No,Yes,5,5,5,5,5,5,4,5,,,,,,,,,,Lifestyle,Creative,TikTok,3,4,2,5,5,4,5,5,5,5,5,5,5,4,5,4,5,4,5,4,5,5,Female,Gen Z  (18- 27),Single,Undergraduate Degree,"10,000-20,000 THB per month",5,4.666666667,,3.5,4.722222222
Yes,Yes,5,5,5,5,5,5,5,3,,,,,,,,,,Beauty,Confident,TikTok,5,4,3,3,4,5,5,5,5,4,4,5,5,5,5,4,5,5,4,3,4,3,Female,Gen Z  (18- 27),Single,Undergraduate Degree,"10,000-20,000 THB per month",5,4.333333333,,3.75,4.444444444
Yes,Yes,5,5,5,5,5,5,5,5,,,,,,,,,,Beauty,Reliable,TikTok,5,5,5,5,5,5,5,5,5,5,5,5,5,5,5,5,5,5,5,5,5,5,Female,Gen Z  (18- 27),Single,Undergraduate Degree,"20,000-50,000 THB per month",5,5,,5,5
No,Yes,4,3,2,3,5,4,3,2,,,,,,,,,,Fashion,Confident,TikTok,4,4,3,3,3,3,3,3,3,3,3,3,3,3,3,3,3,3,3,3,3,3,Female,Gen Z  (18- 27),Single,Undergraduate Degree,"<10,000 THB per month",3.4,3,,3.5,3
No,Yes,5,5,5,4,5,5,5,5,,,,,,,,,,Beauty,Funny,TikTok,4,5,4,4,5,5,5,5,5,5,5,5,5,5,5,5,5,5,4,4,3,4,Female,Gen Z  (18- 27),Single,High School,">100,000 THB per month",4.8,5,,4.25,4.722222222
Yes,Yes,2,5,1,2,3,5,3,1,,,,,,,,,,Lifestyle,Talkative,TikTok,5,1,1,5,3,1,1,3,3,2,4,5,4,3,5,1,2,3,1,1,4,5,Female,Gen Z  (18- 27),Single,Undergraduate Degree,"<10,000 THB per month",2.6,3,,3,2.833333333
Yes,Yes,4,4,4,3,4,4,4,4,,,,,,,,,,Lifestyle,Creative,TikTok,5,4,1,4,3,3,3,3,3,3,3,3,3,3,3,3,3,3,3,3,3,3,Female,Gen Z  (18- 27),Single,Undergraduate Degree,"10,000-20,000 THB per month",3.8,4,,3.5,3
Yes,Yes,4,4,4,3,4,5,3,4,,,,,,,,,,Lifestyle,Confident,Instagram,4,4,3,4,4,4,4,3,4,3,4,4,5,4,4,5,5,4,5,5,4,4,Male,Gen Z  (18- 27),Single,Undergraduate Degree,"<10,000 THB per month",3.8,4,,3.75,4.166666667
No,Yes,3,4,4,1,5,3,3,3,,,,,,,,,,Comedy,Funny,TikTok,2,4,2,3,3,4,4,3,3,3,3,4,3,3,3,3,3,3,3,4,4,5,Male,Gen Z  (18- 27),Single,Undergraduate Degree,"10,000-20,000 THB per month",3.4,3,,2.75,3.388888889
No,No,,,,,,,,,4,4,5,2,1,4,4,1,5,Comedy,Reliable,Instagram,2,2,3,3,1,3,3,3,3,3,3,3,3,3,3,3,3,2,4,2,5,2,Male,Under 18,Single,Undergraduate Degree,"<10,000 THB per month",,,3.333333333,2.5,2.888888889
Yes,Yes,1,3,3,3,3,3,3,3,,,,,,,,,,Lifestyle,Confident,Twitch,2,2,3,2,3,3,3,3,3,3,3,4,4,4,4,4,4,3,3,3,3,3,Female,Gen X (44-59),Married,High School,"<10,000 THB per month",2.6,3,,2.25,3.333333333
Yes,Yes,5,2,4,4,5,4,4,4,,,,,,,,,,Lifestyle,Confident,TikTok,5,5,2,2,5,3,5,3,4,5,4,5,5,2,2,4,3,3,4,2,2,3,Female,Gen Z  (18- 27),Single,Undergraduate Degree,"10,000-20,000 THB per month",4,4,,3.5,3.555555556
No,No,,,,,,,,,5,5,5,5,1,1,5,5,5,Comedy,Reliable,YouTube,5,5,1,5,3,3,3,3,3,3,3,3,3,3,3,3,3,3,3,3,3,3,Male,Gen X (44-59),Married,Graduate Degree,"50,000-100,000 THB per month",,,4.111111111,4,3
Yes,Yes,4,4,4,4,5,4,5,5,,,,,,,,,,Lifestyle,Confident,Facebook,4,4,4,3,4,3,4,4,4,4,4,4,4,4,4,4,4,4,4,4,4,4,Female,Gen X (44-59),Widowed,Graduate Degree,"10,000-20,000 THB per month",4.2,4.666666667,,3.75,3.944444444
Yes,Yes,5,5,5,3,5,5,5,5,,,,,,,,,,Comedy,Funny,YouTube,5,3,2,2,5,3,5,3,5,5,3,5,5,5,5,5,3,5,5,3,3,3,Male,Millennials (28-43),Married,Undergraduate Degree,"20,000-50,000 THB per month",4.6,5,,3,4.222222222
Yes,Yes,5,4,4,4,4,4,3,3,,,,,,,,,,Lifestyle,Creative,Instagram,4,4,3,3,4,4,3,3,3,3,3,3,3,3,3,3,3,4,4,4,4,3,Female,Gen X (44-59),Married,Higher Education,"<10,000 THB per month",4.2,3.333333333,,3.5,3.333333333
Yes,Yes,4,3,3,2,5,4,2,4,,,,,,,,,,Comedy,Reliable,YouTube,3,3,3,3,2,2,2,2,2,2,4,4,4,1,2,4,1,2,4,1,1,4,Male,Gen Z  (18- 27),Taken,Undergraduate Degree,"<10,000 THB per month",3.4,3.333333333,,3,2.444444444
Yes,Yes,4,4,4,4,4,4,4,4,,,,,,,,,,Fashion,Creative,Instagram,4,4,4,4,4,4,4,4,4,4,4,4,4,4,4,4,4,4,4,4,4,4,Female,Gen X (44-59),Married,Higher Education,"<10,000 THB per month",4,4,,4,4
Yes,Yes,5,5,5,5,5,5,5,5,,,,,,,,,,Beauty,Funny,TikTok,3,5,5,5,3,3,2,2,2,2,2,3,3,3,2,3,3,3,3,3,3,3,Female,Gen Z  (18- 27),Single,Undergraduate Degree,"<10,000 THB per month",5,5,,4.5,2.666666667
No,No,,,,,,,,,4,5,5,5,3,1,2,4,4,Comedy,Confident,Instagram,4,5,4,5,5,5,5,5,5,5,5,5,4,5,3,5,4,5,5,5,4,5,Male,Gen Z  (18- 27),Taken,Undergraduate Degree,"<10,000 THB per month",,,3.666666667,4.5,4.722222222
No,Yes,3,2,1,1,5,5,2,2,,,,,,,,,,Comedy,Reliable,TikTok,3,3,3,4,3,3,4,3,3,3,3,3,3,3,3,3,3,3,3,3,3,3,Male,Under 18,Taken,High School,"<10,000 THB per month",2.4,3,,3.25,3.055555556
Yes,Yes,5,2,5,1,2,3,3,1,,,,,,,,,,Lifestyle,Funny,TikTok,5,4,3,2,5,5,5,2,2,2,4,2,3,4,3,4,3,2,4,2,3,4,Male,Gen Z  (18- 27),Taken,Undergraduate Degree,"<10,000 THB per month",3,2.333333333,,3.5,3.277777778
Yes,Yes,5,5,3,4,4,4,4,3,,,,,,,,,,Beauty,Creative,TikTok,4,5,4,3,4,4,4,4,4,4,4,4,4,4,4,4,4,4,4,4,4,4,Female,Gen Z  (18- 27),Taken,Undergraduate Degree,"<10,000 THB per month",4.2,3.666666667,,4,4
No,No,,,,,,,,,2,4,5,3,3,2,2,4,3,Lifestyle,Creative,YouTube,5,3,4,1,5,5,5,3,2,1,3,2,3,4,3,2,3,3,3,2,1,2,Female,Gen Z  (18- 27),Single,Undergraduate Degree,"10,000-20,000 THB per month",,,3.111111111,3.25,2.888888889
Yes,Yes,5,3,5,2,3,2,3,3,,,,,,,,,,Lifestyle,Funny,X,5,4,1,1,5,5,5,2,3,1,3,4,2,3,2,4,2,2,3,2,3,2,Female,Gen Z  (18- 27),Taken,Undergraduate Degree,"<10,000 THB per month",3.6,2.666666667,,2.75,2.944444444
Yes,Yes,5,3,1,1,5,1,1,5,,,,,,,,,,Beauty,Confident,Instagram,5,4,3,4,4,3,4,2,2,4,3,4,5,4,4,5,3,3,5,4,4,5,Female,Gen Z  (18- 27),Single,Undergraduate Degree,"10,000-20,000 THB per month",3,2.333333333,,4,3.777777778
Yes,Yes,5,3,1,2,5,2,3,4,,,,,,,,,,Lifestyle,Creative,TikTok,5,4,3,2,4,4,5,1,1,4,3,2,5,4,4,4,2,3,4,3,3,4,Female,Gen Z  (18- 27),Single,Undergraduate Degree,"20,000-50,000 THB per month",3.2,3,,3.5,3.333333333
Yes,No,,,,,,,,,3,4,5,2,3,1,1,1,1,Lifestyle,Creative,YouTube,5,3,1,1,5,5,5,5,3,1,4,4,5,1,4,5,1,4,5,1,4,5,Female,Gen Z  (18- 27),Taken,Undergraduate Degree,"<10,000 THB per month",,,2.333333333,2.5,3.722222222
Yes,Yes,3,1,2,2,4,3,1,2,,,,,,,,,,Lifestyle,Creative,YouTube,3,4,1,4,3,3,3,4,4,4,4,4,4,4,4,4,4,4,4,4,4,4,Female,Gen X (44-59),Married,Undergraduate Degree,"10,000-20,000 THB per month",2.4,2,,3,3.833333333
Yes,Yes,1,1,1,1,1,1,1,1,,,,,,,,,,Lifestyle,Reliable,Facebook,2,1,3,2,2,2,2,2,2,3,2,2,2,2,2,2,2,2,2,2,2,3,Female,Gen X (44-59),Married,Undergraduate Degree,"20,000-50,000 THB per month",1,1,,2,2.111111111
Yes,Yes,5,3,4,4,5,4,4,4,,,,,,,,,,Adventurous,Reliable,Facebook,5,4,3,4,4,4,4,4,4,4,4,4,4,3,4,4,4,4,4,4,4,4,Female,Gen X (44-59),Married,Graduate Degree,"50,000-100,000 THB per month",4.2,4,,4,3.944444444
No,Yes,5,4,4,5,5,5,5,5,,,,,,,,,,Lifestyle,Reliable,Facebook,3,3,3,3,4,4,4,4,4,4,4,4,4,4,4,4,4,4,4,4,4,4,Female,Millennials (28-43),Taken,Higher Education,"50,000-100,000 THB per month",4.6,5,,3,4
Yes,Yes,5,5,4,5,5,5,5,5,,,,,,,,,,Lifestyle,Creative,TikTok,5,4,4,5,4,4,4,4,5,4,4,4,4,5,4,5,5,5,5,4,3,3,Female,Under 18,Single,Less than a High School Diploma,"<10,000 THB per month",4.8,5,,4.5,4.222222222
No,Yes,5,5,5,5,5,5,3,3,,,,,,,,,,Lifestyle,Creative,TikTok,3,3,3,3,3,3,3,3,3,3,3,3,3,3,4,4,3,4,4,4,4,4,Female,Gen X (44-59),Married,Graduate Degree,"20,000-50,000 THB per month",5,3.666666667,,3,3.388888889
Yes,Yes,5,1,2,1,3,4,2,3,,,,,,,,,,Comedy,Reliable,YouTube,5,4,2,3,3,3,4,4,4,3,4,3,3,3,2,3,4,4,2,3,4,4,Male,Gen X (44-59),Married,Graduate Degree,"10,000-20,000 THB per month",2.4,3,,3.5,3.333333333
No,Yes,5,3,5,5,5,5,5,5,,,,,,,,,,Beauty,Funny,Facebook,5,5,1,5,5,5,5,5,5,5,5,5,5,5,5,5,5,5,5,3,3,3,Female,Millennials (28-43),Taken,Graduate Degree,"50,000-100,000 THB per month",4.6,5,,4,4.666666667
Yes,Yes,5,4,1,4,5,2,2,4,,,,,,,,,,Fashion,Funny,TikTok,4,5,4,1,4,2,3,1,1,4,5,5,5,3,3,4,3,3,5,2,3,5,Female,Gen Z  (18- 27),Single,Graduate Degree,"50,000-100,000 THB per month",3.8,2.666666667,,3.5,3.388888889
Yes,No,,,,,,,,,4,5,5,4,2,1,3,4,5,Comedy,Mature,YouTube,5,4,1,1,4,4,4,1,1,3,3,3,4,2,2,1,3,3,5,3,4,5,Others,Gen Z  (18- 27),Taken,Higher Education,"50,000-100,000 THB per month",,,3.666666667,2.75,3.055555556
No,Yes,5,3,2,3,5,3,3,5,,,,,,,,,,Adventurous,Creative,X,4,5,4,2,3,3,4,2,1,2,3,3,4,2,2,3,2,2,4,3,3,5,Female,Millennials (28-43),Married,Higher Education,">100,000 THB per month",3.6,3.666666667,,3.75,2.833333333
Yes,Yes,5,3,5,4,4,4,3,4,,,,,,,,,,Lifestyle,Talkative,TikTok,5,3,3,2,5,5,5,3,4,2,3,2,3,4,3,4,3,2,3,2,2,2,Female,Gen Z  (18- 27),Single,Undergraduate Degree,"<10,000 THB per month",4.2,3.666666667,,3.25,3.166666667
No,No,,,,,,,,,3,3,5,3,3,3,3,3,3,Lifestyle,Confident,TikTok,5,5,1,5,5,5,5,1,1,1,5,5,5,1,1,1,1,1,1,1,1,1,Female,Gen Z  (18- 27),Single,Undergraduate Degree,"<10,000 THB per month",,,3.222222222,4,2.333333333
No,No,,,,,,,,,3,2,5,2,1,3,3,3,2,Lifestyle,Creative,TikTok,5,3,3,2,5,5,5,2,3,2,3,2,2,2,1,2,2,2,2,2,2,2,Female,Gen Z  (18- 27),Single,Undergraduate Degree,"<10,000 THB per month",,,2.666666667,3.25,2.555555556
No,No,,,,,,,,,3,2,5,3,2,3,2,3,4,Lifestyle,Funny,TikTok,5,5,1,3,5,5,5,2,3,3,5,5,5,3,3,3,3,3,3,3,3,3,Female,Gen Z  (18- 27),Taken,Undergraduate Degree,"<10,000 THB per month",,,3,3.5,3.611111111
Yes,No,,,,,,,,,2,2,5,1,2,1,2,3,3,Lifestyle,Reliable,YouTube,5,2,1,2,5,5,5,2,2,3,2,1,2,3,2,3,3,2,3,2,2,1,Male,Gen Z  (18- 27),Taken,Undergraduate Degree,"10,000-20,000 THB per month",,,2.333333333,2.5,2.666666667
No,No,,,,,,,,,3,2,5,2,1,3,2,1,2,Lifestyle,Confident,X,5,5,2,2,5,5,5,2,1,3,2,1,2,1,3,2,1,2,3,3,2,3,Female,Gen Z  (18- 27),Taken,Undergraduate Degree,"10,000-20,000 THB per month",,,2.333333333,3.5,2.555555556
Yes,No,,,,,,,,,2,2,5,3,3,3,4,2,3,Beauty,Confident,TikTok,3,2,3,3,3,4,4,5,4,5,3,3,3,4,4,5,4,4,4,4,3,3,Male,Gen Z  (18- 27),Single,Undergraduate Degree,"10,000-20,000 THB per month",,,3,2.75,3.833333333
Yes,No,,,,,,,,,4,3,5,2,3,1,3,2,2,Lifestyle,Funny,TikTok,5,5,1,3,5,5,5,2,4,2,5,5,5,2,4,2,4,2,4,2,4,2,Female,Gen Z  (18- 27),Single,Undergraduate Degree,"<10,000 THB per month",,,2.777777778,3.5,3.555555556
Yes,No,,,,,,,,,4,2,5,3,1,4,2,3,1,Lifestyle,Funny,YouTube,5,5,3,4,5,4,4,3,2,3,2,3,4,1,2,3,1,2,1,3,3,3,Male,Gen Z  (18- 27),Single,Undergraduate Degree,"10,000-20,000 THB per month",,,2.777777778,4.25,2.722222222
No,No,,,,,,,,,2,4,5,2,3,2,3,4,4,Lifestyle,Funny,TikTok,5,5,1,3,5,5,5,4,3,4,5,5,5,3,2,3,3,2,3,3,3,2,Female,Gen Z  (18- 27),Single,Undergraduate Degree,"<10,000 THB per month",,,3.222222222,3.5,3.611111111
Yes,No,,,,,,,,,4,3,5,3,4,2,4,2,1,Fashion,Reliable,TikTok,4,2,1,4,4,4,4,3,3,3,2,2,3,1,1,2,1,2,1,1,1,1,Female,Gen Z  (18- 27),Taken,Undergraduate Degree,"<10,000 THB per month",,,3.111111111,2.75,2.166666667
Yes,No,,,,,,,,,3,2,4,3,4,3,4,3,4,Lifestyle,Confident,TikTok,4,4,3,5,3,3,3,3,3,3,3,3,3,3,3,2,4,4,4,4,4,4,Male,Gen Z  (18- 27),Single,Undergraduate Degree,"10,000-20,000 THB per month",,,3.333333333,4,3.277777778
No,No,,,,,,,,,5,4,5,2,3,3,3,1,3,Lifestyle,Creative,Instagram,5,5,1,4,5,5,5,3,3,1,5,5,5,3,2,2,4,4,3,4,3,1,Female,Gen Z  (18- 27),Taken,Undergraduate Degree,"<10,000 THB per month",,,3.222222222,3.75,3.5
Yes,No,,,,,,,,,4,3,5,2,2,1,3,1,4,Comedy,Funny,YouTube,5,3,4,2,4,4,4,3,3,3,2,2,1,1,1,2,2,3,2,1,1,1,Female,Gen Z  (18- 27),Single,Undergraduate Degree,"20,000-50,000 THB per month",,,2.777777778,3.5,2.222222222
No,No,,,,,,,,,4,3,5,4,3,2,3,3,4,Lifestyle,Talkative,Facebook,5,3,2,3,5,5,5,5,5,5,5,5,5,5,5,5,5,5,5,5,5,5,Male,Under 18,Single,High School,"<10,000 THB per month",,,3.444444444,3.25,5
Yes,Yes,3,2,1,1,2,2,1,2,,,,,,,,,,Fashion,Confident,TikTok,3,3,3,3,3,3,3,3,3,3,3,3,3,3,3,3,3,3,3,3,3,3,Male,Gen Z  (18- 27),Taken,Undergraduate Degree,"20,000-50,000 THB per month",1.8,1.666666667,,3,3
Yes,Yes,5,3,5,3,3,3,4,4,,,,,,,,,,Beauty,Funny,TikTok,5,3,4,4,5,5,5,5,5,5,5,5,5,5,5,5,5,5,5,5,5,5,Female,Gen Z  (18- 27),Taken,Undergraduate Degree,"10,000-20,000 THB per month",3.8,3.666666667,,4,5
No,No,,,,,,,,,4,4,5,3,4,5,1,1,1,Lifestyle,Funny,YouTube,5,5,1,5,5,5,5,3,1,2,5,5,5,4,4,5,4,4,5,3,4,5,Male,Gen Z  (18- 27),Taken,Undergraduate Degree,"10,000-20,000 THB per month",,,3.111111111,4,4.111111111
Yes,No,,,,,,,,,3,1,5,3,2,2,1,4,5,Beauty,Confident,Instagram,5,5,2,4,5,4,5,2,4,3,5,4,5,2,3,2,3,4,4,4,3,5,Others,Gen Z  (18- 27),Single,Undergraduate Degree,"20,000-50,000 THB per month",,,2.888888889,4,3.722222222
No,No,,,,,,,,,3,4,5,4,3,2,1,1,3,Comedy,Talkative,TikTok,5,5,1,4,5,5,5,1,2,3,4,5,4,3,2,1,2,3,4,5,4,3,Female,Gen Z  (18- 27),Taken,Undergraduate Degree,"10,000-20,000 THB per month",,,2.888888889,3.75,3.388888889
Yes,No,,,,,,,,,3,4,5,4,3,2,1,2,3,Lifestyle,Creative,YouTube,4,5,5,5,5,5,4,3,3,4,5,5,4,3,2,1,2,3,4,5,4,3,Female,Gen Z  (18- 27),Single,Undergraduate Degree,"<10,000 THB per month",,,3,4.75,3.611111111
No,No,,,,,,,,,4,3,5,3,3,3,3,3,3,Lifestyle,Funny,YouTube,5,5,3,3,4,4,4,4,4,4,4,5,4,3,4,5,4,3,5,4,5,4,Female,Gen Z  (18- 27),Single,Undergraduate Degree,"<10,000 THB per month",,,3.333333333,4,4.111111111
No,No,,,,,,,,,5,5,5,3,3,3,1,2,3,Fashion,Confident,YouTube,5,5,2,3,5,5,3,3,4,5,5,5,5,3,2,1,3,2,1,1,1,3,Female,Gen Z  (18- 27),Taken,Undergraduate Degree,"50,000-100,000 THB per month",,,3.333333333,3.75,3.166666667